-0.035345,0.022575,0.008466
-0.039232,0.026827,-0.017922
-0.032951,0.024364,0.013621
-0.034992,0.023768,0.005761
-0.033686,0.022717,-0.013556
-0.035911,0.024388,-0.014657
-0.034562,0.026351,0.009996
-0.036597,0.020085,-0.014967
-0.040081,0.029130,-0.013356
-0.045221,0.025144,0.018008
-0.040224,0.030170,0.012912
-0.033763,0.019062,-0.011344
-0.038059,0.025122,-0.014813
-0.041473,0.029989,-0.011277
-0.036261,0.025456,0.012231
-0.038853,0.020689,0.019944
-0.037757,0.028324,-0.009991
-0.033443,0.019832,0.012629
-0.037989,0.021984,-0.011089
-0.035763,0.024116,-0.011581
-0.037050,0.025956,-0.013669
-0.032957,0.020761,-0.008107
-0.037994,0.029958,0.008229
-0.039346,0.028392,0.014380
-0.032098,0.022173,-0.013181
-0.029756,0.024015,0.015424
-0.033728,0.029979,-0.015359
-0.030739,0.020132,-0.013968
-0.037999,0.027370,-0.020104
-0.033882,0.025580,-0.009571
-0.032762,0.019190,-0.010853
-0.038745,0.026264,0.006898
-0.031258,0.025494,0.009905
-0.038472,0.027285,-0.018631
-0.037791,0.025676,0.014161
-0.040337,0.023200,0.021733
-0.040598,0.021415,-0.013350
-0.037272,0.024407,-0.011787
-0.036165,0.023023,-0.016797
-0.032950,0.020795,-0.011968
-0.044235,0.026174,0.014354
-0.042932,0.023580,0.013079
-0.040823,0.028039,-0.013671
-0.042019,0.029821,-0.025257
-0.039853,0.025745,-0.016003
-0.038034,0.026189,-0.012854
-0.034465,0.027310,-0.013969
-0.030092,0.022117,0.008779
-0.035525,0.026863,-0.012746
-0.040146,0.026493,0.012265
-0.040387,0.027769,-0.008236
-0.036664,0.031302,-0.022470
-0.045721,0.030156,0.011886
-0.034755,0.021105,-0.007047
-0.037870,0.022659,0.008291
-0.038225,0.031389,-0.023604
-0.034244,0.029111,0.008176
-0.041049,0.031385,-0.015439
-0.041165,0.030610,0.009739
-0.038026,0.029127,-0.017724
-0.037355,0.029824,-0.018726
-0.040342,0.023802,-0.012322
-0.041873,0.028786,0.020559
-0.040597,0.023952,-0.018298
-0.037672,0.025721,0.016704
-0.036170,0.027526,-0.017717
-0.039832,0.030327,-0.015252
-0.034796,0.025906,-0.008163
-0.033753,0.028137,-0.014584
-0.037236,0.023082,-0.011011
-0.033877,0.024752,-0.009319
-0.039818,0.025085,0.010571
-0.036425,0.027328,0.015757
-0.036926,0.026977,0.010036
-0.031692,0.022574,-0.009272
-0.041230,0.025715,-0.012323
-0.034755,0.026730,-0.007368
-0.035491,0.027495,0.004457
-0.035973,0.024452,0.008822
-0.039778,0.028626,-0.012096
-0.035734,0.020382,0.010015
-0.038842,0.027093,-0.012668
-0.037856,0.026681,0.013560
-0.049579,0.030003,0.053337
-0.035655,0.021541,0.004461
-0.040493,0.027586,-0.018057
-0.034221,0.022210,0.006248
-0.037013,0.023715,-0.011331
-0.038371,0.026624,0.006932
-0.039052,0.033308,0.011755
-0.040409,0.029583,-0.016723
-0.043758,0.029224,0.016626
-0.035513,0.018413,-0.009567
-0.047692,0.034431,-0.028292
-0.037293,0.023932,0.018275
-0.034898,0.031324,-0.010437
-0.040035,0.027950,0.031382
-0.033679,0.024057,-0.010729
-0.042289,0.025022,-0.019613
-0.031889,0.025780,0.007435
-0.037350,0.030671,-0.018840
-0.038775,0.030707,-0.016081
-0.041829,0.029318,0.017012
-0.040010,0.026898,-0.011344
-0.036645,0.028004,0.007490
-0.036749,0.027927,-0.013151
-0.030461,0.027555,-0.011616
-0.037925,0.028999,-0.012956
-0.039103,0.026435,0.000618
-0.038728,0.027597,-0.014649
-0.036008,0.023498,0.004383
-0.039262,0.022817,0.011239
-0.036517,0.021324,-0.011333
-0.033571,0.026567,0.008271
-0.040017,0.030108,-0.021927
-0.036667,0.027427,-0.022898
-0.036282,0.025688,0.013064
-0.033354,0.024158,-0.009678
-0.040277,0.026748,0.005895
-0.034980,0.024854,-0.009488
-0.034889,0.026426,-0.017524
-0.038234,0.025692,-0.013712
-0.047939,0.030758,-0.012015
-0.038829,0.029494,0.015266
-0.033669,0.025513,-0.012304
-0.034896,0.025435,-0.010766
-0.041445,0.027258,-0.012731
-0.035204,0.023028,-0.010380
-0.043136,0.025007,0.005477
-0.033327,0.027864,0.008706
-0.032483,0.024978,-0.013988
-0.044247,0.031044,-0.017617
-0.035383,0.028058,-0.017405
-0.037091,0.026453,-0.010111
-0.039755,0.026845,-0.015209
-0.040927,0.025071,-0.013842
-0.037270,0.027219,-0.016062
-0.038631,0.025871,0.010416
-0.038993,0.027632,0.009129
-0.034444,0.031101,-0.012863
-0.046562,0.028706,-0.029135
-0.032990,0.026599,0.007810
-0.035846,0.021851,-0.005353
-0.040962,0.026394,-0.012105
-0.035509,0.025198,-0.009620
-0.038068,0.027222,0.011418
-0.033307,0.023805,-0.014143
-0.033627,0.023495,-0.011506
-0.037261,0.023910,-0.011594
-0.032593,0.022422,-0.008802
-0.033609,0.025809,-0.012936
-0.039035,0.033455,-0.016557
-0.042578,0.030521,0.017364
-0.033718,0.022600,0.007844
-0.032653,0.021326,-0.009102
-0.031825,0.026961,-0.009379
-0.042795,0.036454,0.013616
-0.033351,0.029948,-0.014475
-0.030019,0.021101,-0.008173
-0.036901,0.029193,0.008431
-0.039809,0.026714,0.009910
-0.041202,0.029200,0.005072
-0.040699,0.027723,0.016547
-0.035533,0.023457,0.005742
-0.037721,0.028947,-0.013112
-0.040167,0.024553,-0.011740
-0.035740,0.023581,0.010864
-0.035472,0.026489,-0.014238
-0.037620,0.024753,-0.012310
-0.035544,0.026202,0.006618
-0.029361,0.026711,-0.010735
-0.044919,0.031012,-0.026055
-0.039887,0.024426,0.011477
-0.042716,0.027880,0.014972
-0.036961,0.024939,-0.022751
-0.040257,0.023514,0.008157
-0.041938,0.030961,-0.023005
-0.040552,0.026366,0.003131
-0.036724,0.027694,-0.016672
-0.034125,0.024622,0.007651
-0.040923,0.026434,-0.018885
-0.031761,0.024007,0.008284
-0.035867,0.025210,-0.015626
-0.040186,0.024696,-0.017401
-0.035463,0.022046,-0.008396
-0.033819,0.023602,0.009658
-0.032089,0.023802,0.012562
-0.033402,0.024829,-0.008522
-0.035692,0.027438,0.016167
-0.032413,0.027273,-0.018874
-0.039449,0.026390,-0.009338
-0.037322,0.027142,0.020569
-0.041238,0.025168,-0.021303
-0.035519,0.031816,-0.023222
-0.040935,0.025130,0.009257
-0.039201,0.027939,0.007590
-0.044392,0.028445,-0.017680
-0.037322,0.028916,0.016459
-0.035714,0.021243,-0.009503
-0.043182,0.033540,0.007858
-0.038583,0.026267,0.007488
-0.033669,0.027404,0.012278
-0.038438,0.028558,-0.022829
-0.036368,0.021710,-0.012213
-0.041145,0.030763,0.020060
-0.034319,0.025687,-0.009443
-0.034218,0.026625,-0.011722
-0.037801,0.026592,-0.008662
-0.034284,0.023358,-0.013473
-0.035726,0.026737,0.008418
-0.037232,0.028327,0.007953
-0.041011,0.027812,-0.015596
-0.041562,0.029808,-0.024736
-0.041191,0.023579,-0.015604
-0.035892,0.025118,0.017173
-0.036872,0.029933,-0.027019
-0.036469,0.027529,0.007833
-0.041186,0.025953,0.017430
-0.030768,0.020699,-0.009583
-0.038065,0.025852,-0.011750
-0.037110,0.023194,-0.011106
-0.038580,0.023923,0.010887
-0.032001,0.027917,0.004194
-0.033054,0.024402,0.008564
-0.034771,0.028364,-0.015141
-0.031974,0.022391,0.012201
-0.042204,0.027472,-0.016349
-0.035747,0.026264,0.023898
-0.041796,0.026108,0.005520
-0.039073,0.025892,-0.014793
-0.037969,0.024918,-0.013537
-0.033784,0.022141,-0.007538
-0.038561,0.026846,-0.016795
-0.036775,0.026430,0.007849
-0.037150,0.027178,0.006225
-0.037341,0.023909,-0.010544
-0.036874,0.024127,0.006437
-0.038093,0.022267,0.012362
-0.037082,0.023898,-0.019067
-0.035472,0.024289,-0.010046
-0.043325,0.023851,-0.026149
-0.042385,0.033192,0.019102
-0.044319,0.032737,-0.021452
-0.037760,0.027777,0.007572
-0.031290,0.023247,0.009142
-0.038162,0.028390,0.007908
-0.037972,0.029308,-0.015355
-0.035925,0.023351,-0.012862
-0.035791,0.027476,-0.009935
-0.037662,0.023876,0.010869
-0.042340,0.028644,-0.014820
-0.036550,0.024019,-0.016681
-0.040265,0.030456,0.007205
-0.043059,0.029925,-0.023838
-0.039243,0.025282,0.008560
-0.041484,0.032319,-0.016223
-0.037394,0.028518,-0.012881
-0.039234,0.023212,0.009530
-0.040732,0.022794,0.013079
-0.039516,0.028086,0.010746
-0.047406,0.034653,0.966739
-0.034770,0.022734,-0.014113
-0.033884,0.025159,-0.010379
-0.036142,0.029104,0.007350
-0.033897,0.023456,0.006409
-0.033991,0.026293,-0.016543
-0.037133,0.028548,0.016615
-0.035548,0.024417,-0.008735
-0.040188,0.024312,0.010004
-0.041917,0.028081,-0.021318
-0.035390,0.025015,-0.015506
-0.037462,0.026751,0.004648
-0.037903,0.027033,-0.014222
-0.040687,0.027851,-0.014772
-0.040228,0.035637,-0.014408
-0.028853,0.022125,-0.006807
-0.045930,0.027438,0.006064
-0.034675,0.023178,0.010188
-0.031916,0.019943,-0.010565
-0.039372,0.026399,-0.016352
-0.039792,0.027000,0.009644
-0.028915,0.021485,-0.012198
-0.038120,0.024869,-0.012307
-0.039029,0.027017,0.006913
-0.041322,0.026673,0.013310
-0.036230,0.027533,0.013040
-0.042049,0.030677,-0.014388
-0.044398,0.027169,0.006826
-0.034311,0.022300,-0.005324
-0.036755,0.028856,-0.010063
-0.027403,0.023052,0.005652
-0.045213,0.028753,0.017198
-0.034516,0.023175,0.006133
-0.034715,0.028406,-0.017469
-0.035314,0.023899,-0.012009
-0.037288,0.029571,-0.017968
-0.030293,0.027122,-0.009672
-0.032257,0.024910,0.005788
-0.039597,0.026771,-0.009831
-0.040829,0.024790,-0.016759
-0.036129,0.025321,0.007179
-0.035706,0.025129,-0.014726
-0.033648,0.020897,-0.010507
-0.039292,0.031257,-0.016809
-0.039996,0.024150,-0.018421
-0.036861,0.026907,0.007902
-0.037846,0.023349,-0.011569
-0.038008,0.028088,0.005669
-0.039275,0.026721,0.012157
-0.039932,0.025940,-0.013054
-0.035418,0.025579,-0.019989
-0.034351,0.028142,0.008502
-0.039342,0.027472,-0.010309
-0.038139,0.025929,0.018980
-0.033932,0.027043,0.014240
-0.034567,0.025162,0.008804
-0.034937,0.025917,-0.006415
-0.039902,0.023859,-0.018006
-0.036092,0.027110,-0.013676
-0.037772,0.032204,-0.013813
-0.036904,0.026261,0.006158
-0.035825,0.025220,0.005884
0.038924,0.017381,-0.000244
0.039273,0.018986,0.000073
0.037944,0.018523,-0.000275
0.039683,0.020635,-0.000899
0.035278,0.017832,-0.000920
0.040133,0.016532,0.000055
0.039198,0.018827,-0.000422
0.043485,0.019327,0.009624
0.039193,0.020463,-0.001642
0.041237,0.021004,-0.000775
0.038891,0.019668,-0.000041
0.039710,0.019449,-0.000686
0.040803,0.017520,-0.000264
0.038592,0.018358,-0.000503
0.038746,0.019410,0.008574
0.041672,0.017698,0.000389
0.036741,0.021805,-0.000684
0.039785,0.017978,-0.000183
0.038632,0.016106,-0.000046
0.036291,0.018166,-0.001976
0.038944,0.018475,0.000143
0.039295,0.018910,-0.000434
0.042197,0.017508,0.000609
0.037396,0.019535,0.000429
0.040637,0.017445,0.000466
0.040354,0.020416,0.000128
0.041088,0.020558,0.000088
0.037965,0.019627,0.008247
0.038081,0.019603,0.000982
0.037479,0.017305,-0.000913
0.041112,0.019289,0.000349
0.037489,0.018877,-0.001320
0.039215,0.019586,-0.001741
0.039195,0.018884,-0.000329
0.039803,0.018922,0.000453
0.039268,0.020892,-0.000407
0.040411,0.018751,-0.000754
0.039169,0.015894,0.000052
0.041826,0.023056,-0.001590
0.043199,0.021573,-0.000676
0.040994,0.020182,-0.001284
0.039518,0.017710,-0.000996
0.034763,0.017521,-0.000877
0.043601,0.019780,0.000148
0.036393,0.014365,0.000107
0.038810,0.020534,-0.001708
0.037247,0.018254,0.000338
0.038274,0.021549,0.000609
0.036780,0.018195,0.000056
0.041473,0.018836,0.000238
0.033877,0.016910,-0.000274
0.040750,0.019914,-0.002106
0.040790,0.015061,0.000188
0.035023,0.018391,-0.000785
0.039486,0.020356,0.007717
0.037557,0.021088,0.000116
0.040694,0.016978,-0.000605
0.038382,0.019106,-0.000804
0.041025,0.021916,-0.001038
0.037868,0.020431,-0.000451
0.040084,0.018618,-0.001309
0.037672,0.016863,-0.000452
0.040305,0.018021,0.000650
0.038621,0.018713,-0.000527
0.041188,0.021878,-0.000011
0.037173,0.016624,-0.001084
0.042172,0.020533,0.000336
0.036663,0.018289,-0.001517
0.037017,0.018478,-0.000927
0.042115,0.019319,-0.001422
0.041521,0.020990,-0.000299
0.037085,0.017782,0.000022
0.038918,0.017768,-0.000036
0.037414,0.018097,0.006847
0.042472,0.021659,-0.000346
0.035887,0.015354,-0.001050
0.040678,0.017340,-0.000685
0.040825,0.022482,0.000131
0.039748,0.019156,-0.000144
0.040038,0.019333,-0.000684
0.041139,0.020754,-0.001371
0.039614,0.017103,-0.000122
0.036702,0.017788,-0.000657
0.045214,0.017242,0.000802
0.042114,0.017159,0.000440
0.044647,0.017133,0.001235
0.039391,0.020183,-0.000497
0.040800,0.017631,-0.000723
0.042639,0.019597,-0.001141
0.039316,0.018246,-0.000341
0.037621,0.018902,-0.000574
0.037803,0.018236,-0.000520
0.041650,0.019322,0.000649
0.038749,0.016898,0.000004
0.038180,0.019955,0.000963
0.035151,0.017194,-0.001159
0.040169,0.021239,-0.001872
0.039012,0.021011,-0.000086
0.036946,0.018411,-0.001043
0.038913,0.018883,-0.001160
0.039200,0.020781,-0.001097
0.040250,0.019606,-0.000430
0.044170,0.019922,-0.001276
0.041679,0.018429,0.000107
0.040284,0.020180,-0.000293
0.042132,0.018707,-0.001010
0.040201,0.020826,-0.000428
0.041032,0.019168,0.000234
0.041598,0.018747,-0.000441
0.038165,0.016765,0.000350
0.041627,0.022446,-0.000023
0.035102,0.017599,0.000709
0.041009,0.019134,0.000136
0.041994,0.019242,-0.000550
0.038581,0.016220,-0.000003
0.040542,0.017854,-0.000683
0.039020,0.018736,-0.000313
0.040676,0.021702,-0.000966
0.039519,0.020120,0.000176
0.041522,0.019844,0.000124
0.034001,0.019901,-0.000457
0.037651,0.017125,-0.000141
0.041968,0.018781,0.001575
0.043757,0.021688,-0.000630
0.037682,0.017813,0.001216
0.038205,0.016998,-0.000451
0.040705,0.023070,-0.000950
0.042018,0.018911,0.000095
0.038520,0.018757,0.000689
0.040980,0.017540,-0.000144
0.045584,0.019744,0.000553
0.043805,0.019544,-0.000842
0.037021,0.018176,-0.000459
0.038519,0.020545,-0.000912
0.037930,0.018524,-0.001638
0.039766,0.019096,-0.000886
0.040274,0.022226,-0.001241
0.038721,0.016515,0.000359
0.037732,0.015845,-0.000316
0.041158,0.018175,0.000347
0.042590,0.021490,-0.000643
0.041916,0.022232,-0.000038
0.031293,0.016425,-0.001140
0.040064,0.016893,0.007987
0.041177,0.017010,0.008095
0.040107,0.017873,-0.000184
0.040422,0.020851,-0.001388
0.034258,0.016728,-0.001501
0.040177,0.020257,-0.000419
0.041678,0.016398,0.007024
0.038528,0.017067,0.007397
0.042886,0.021058,-0.000702
0.039381,0.020725,-0.000907
0.036973,0.020967,-0.001810
0.035964,0.016254,-0.000595
0.037299,0.017136,-0.001235
0.040883,0.021332,0.000661
0.036921,0.016869,0.007199
0.036192,0.017349,0.007234
0.040507,0.017462,0.000087
0.038890,0.016373,0.007553
0.039053,0.018585,0.000740
0.038923,0.021310,-0.000397
0.038518,0.020269,-0.000478
0.036532,0.018255,0.000315
0.042944,0.019930,0.000011
0.037676,0.019379,-0.000346
0.036658,0.016643,-0.000201
0.042250,0.020674,-0.000774
0.042551,0.019581,0.000022
0.039228,0.015971,-0.001089
0.039130,0.014901,-0.000021
0.042061,0.022589,-0.001458
0.042878,0.019388,-0.000058
0.043652,0.018743,-0.000328
0.040850,0.020378,0.000108
0.037434,0.017101,0.001074
0.039700,0.021314,-0.000364
0.044641,0.019782,-0.000763
0.044812,0.018942,0.000338
0.040246,0.018779,0.000194
0.039731,0.018180,-0.000497
0.036980,0.019154,-0.000934
0.037194,0.018988,-0.000642
0.042861,0.017736,-0.000315
0.039437,0.015738,0.000397
0.040749,0.019265,-0.000535
0.040766,0.016680,0.000259
0.042382,0.019605,0.007473
0.042544,0.019592,-0.000658
0.038734,0.019963,-0.000674
0.038788,0.017376,-0.001122
0.038733,0.019275,0.007533
0.038971,0.019676,-0.000955
0.034715,0.018201,-0.001106
0.041260,0.020943,-0.001478
0.041067,0.018451,0.000760
0.041791,0.019656,0.000849
0.039863,0.018245,-0.000894
0.040460,0.021741,-0.000972
0.041697,0.018740,0.000025
0.039020,0.018476,-0.001022
0.040614,0.018996,-0.000560
0.042188,0.020524,0.000768
0.040415,0.019292,-0.000812
0.033649,0.016390,0.000745
0.042077,0.016681,-0.000463
0.041566,0.021680,-0.001192
0.039890,0.020847,-0.000492
0.038441,0.016683,-0.000197
0.035688,0.018588,0.006585
0.040515,0.021453,-0.000671
0.037294,0.019046,0.000207
0.037660,0.017760,-0.000490
0.042047,0.019835,-0.001373
0.041270,0.019176,-0.000328
0.041314,0.020078,-0.000006
0.041934,0.019232,-0.001541
0.036514,0.017206,-0.000257
0.042425,0.020906,-0.000529
0.038451,0.019661,-0.000385
0.039526,0.019098,0.000240
0.041082,0.019448,0.000803
0.038548,0.018682,-0.000913
0.037533,0.018755,-0.000169
0.038012,0.019111,0.007808
0.037083,0.019358,-0.001861
0.041495,0.017865,-0.000530
0.039041,0.018036,0.000075
0.038841,0.021770,0.009195
0.042205,0.019842,0.000170
0.041135,0.017457,0.000061
0.037207,0.019174,-0.000435
0.039570,0.019948,-0.001620
0.040217,0.017509,-0.000419
0.041234,0.022052,-0.000644
0.041014,0.018458,-0.000432
0.038681,0.018950,-0.000314
0.038248,0.016561,0.000745
0.041561,0.019442,-0.000140
0.042218,0.021653,-0.000326
0.043456,0.019193,-0.000295
0.043070,0.019097,-0.000752
0.035810,0.018285,-0.000884
0.041978,0.020495,-0.000826
0.042289,0.022798,-0.000463
0.039457,0.016304,0.000550
0.043033,0.021920,-0.000769
0.038880,0.018513,0.000098
0.039858,0.016812,0.000279
0.037468,0.015361,-0.000439
0.043984,0.017904,0.000084
0.037343,0.017664,0.007649
0.040813,0.017567,-0.000919
0.041309,0.016446,-0.001455
0.040068,0.017576,-0.000338
0.041622,0.018489,-0.000364
0.040651,0.018478,0.000080
0.041281,0.021295,0.000133
0.041289,0.018193,0.000579
0.041126,0.017004,-0.000223
0.042837,0.019333,-0.001340
0.037431,0.019101,0.007295
0.042845,0.019881,-0.000215
0.038098,0.018374,0.000239
0.040013,0.018096,-0.000430
0.044647,0.023082,0.000335
0.039867,0.019094,-0.001611
0.040910,0.019394,-0.001762
0.039530,0.017639,-0.000416
0.043094,0.018975,-0.000372
0.039045,0.020210,-0.000242
0.040027,0.019705,-0.000202
0.036543,0.019733,-0.000963
0.038088,0.017453,-0.000185
0.039181,0.019897,-0.000101
0.038626,0.016442,-0.001487
0.037653,0.015779,-0.000844
0.041645,0.021161,0.000284
0.039589,0.018932,-0.000299
0.039743,0.019184,-0.000819
0.037127,0.018100,-0.000165
0.036569,0.016742,-0.000020
0.041574,0.019362,-0.000071
0.040921,0.020627,0.000524
0.039078,0.020400,0.007800
0.040414,0.017689,-0.000483
0.044198,0.017795,0.009567
0.041733,0.017165,-0.000724
0.035919,0.017917,-0.000167
0.034302,0.017810,-0.000908
0.042208,0.019368,0.000072
0.035246,0.017170,0.005741
0.043771,0.018870,0.000423
0.039648,0.017735,-0.000132
0.040474,0.021456,-0.001247
0.038945,0.016215,-0.000056
0.038507,0.022737,0.008431
0.039444,0.017338,-0.000320
0.041489,0.016153,-0.000779
0.044488,0.019897,-0.000005
0.037312,0.018988,-0.001378
0.038744,0.017635,-0.000284
0.041893,0.021917,-0.000509
0.045526,0.022350,-0.000810
0.041763,0.020562,0.000663
0.039523,0.015091,0.000331
0.037696,0.017206,-0.000682
0.037885,0.020075,-0.000113
0.040751,0.018812,-0.000060
0.038540,0.016607,-0.000319
0.038182,0.019925,0.007400
0.035194,0.015596,-0.001355
0.042486,0.019773,-0.000779
0.040281,0.019759,-0.001146
0.045662,0.017567,-0.000524
0.037602,0.018383,0.000084
0.040088,0.018476,-0.000121
0.038050,0.016695,0.007860
0.042524,0.019612,-0.000139
0.038760,0.016502,0.000029
0.040756,0.022184,0.000751
0.038152,0.020303,0.000468
0.039529,0.018388,0.000025
0.039573,0.017222,-0.001163
0.041082,0.023048,-0.000231
0.038761,0.021448,-0.001051
0.041444,0.019169,-0.000661
0.039952,0.018980,0.008223
0.040049,0.017807,0.000654
0.039501,0.019368,0.000326
0.042343,0.020477,-0.000253
0.039309,0.020859,-0.001801
0.040411,0.017892,0.009239
0.039859,0.019531,-0.000591
0.042883,0.020432,0.000105
0.039705,0.018140,-0.001378
0.035278,0.020080,-0.000951
0.041128,0.017139,-0.000265
-0.005495,-0.045862,0.000199
-0.003089,-0.044040,-0.000415
-0.005639,-0.041851,0.000149
-0.003885,-0.045762,-0.000937
-0.007031,-0.046168,-0.000029
-0.003691,-0.040984,0.000012
-0.002930,-0.043568,0.004462
-0.005605,-0.042693,-0.000164
-0.003751,-0.046157,-0.000103
-0.003612,-0.045926,-0.000656
-0.003915,-0.040514,-0.000052
-0.002509,-0.044876,-0.000869
-0.004422,-0.042222,0.000064
-0.003626,-0.043529,0.000448
-0.004407,-0.043394,0.000242
-0.004170,-0.046651,0.000722
-0.002384,-0.042570,0.000239
-0.004618,-0.043008,0.000387
-0.004283,-0.047085,-0.000630
-0.003742,-0.044581,0.000144
-0.003880,-0.038670,0.000118
-0.003783,-0.041890,-0.000369
-0.003330,-0.046737,0.000327
-0.004309,-0.041315,-0.000392
-0.005401,-0.044671,-0.000157
-0.004855,-0.044297,0.000118
-0.003275,-0.042801,-0.000114
-0.002742,-0.043176,-0.000368
-0.001716,-0.044878,0.000505
-0.003516,-0.039119,-0.000657
-0.004187,-0.041391,-0.000523
-0.004250,-0.044784,0.000359
-0.003174,-0.042922,0.004851
-0.001998,-0.042907,0.000006
-0.003903,-0.046468,-0.000069
-0.003259,-0.046768,0.000197
-0.002354,-0.040748,-0.000636
-0.003568,-0.041566,-0.000344
-0.005344,-0.040672,0.000001
-0.004574,-0.044837,-0.000356
-0.006436,-0.044093,-0.000144
-0.003799,-0.045434,0.000478
-0.004596,-0.043373,-0.000698
-0.004983,-0.041672,-0.000393
-0.004568,-0.044608,-0.000362
-0.004300,-0.046510,0.000092
-0.002483,-0.045502,-0.000097
-0.004117,-0.043281,-0.000357
-0.002945,-0.043060,-0.000015
-0.004597,-0.041543,0.000144
-0.003372,-0.042566,0.000134
-0.004211,-0.041825,0.000112
-0.002849,-0.045479,-0.000499
-0.004524,-0.042998,0.000332
-0.007167,-0.042526,-0.000583
-0.004170,-0.041833,-0.000370
-0.004844,-0.046309,0.000640
-0.005148,-0.040726,-0.000494
-0.005085,-0.045201,-0.000300
-0.003831,-0.044998,0.000093
-0.004800,-0.041361,-0.000436
-0.003480,-0.042848,-0.000230
-0.004751,-0.045440,0.000322
-0.004085,-0.045068,-0.000067
-0.005054,-0.044306,-0.000112
-0.004727,-0.044231,-0.000229
-0.004220,-0.043599,-0.000223
-0.003421,-0.045016,-0.000062
-0.004112,-0.044656,-0.000716
-0.005457,-0.047935,-0.000179
-0.006384,-0.041398,0.004402
-0.002338,-0.041706,-0.000483
-0.006251,-0.045300,-0.000349
-0.003349,-0.049279,0.000135
-0.004207,-0.041488,0.000255
-0.002430,-0.044360,-0.000501
-0.003929,-0.041999,-0.000675
-0.004242,-0.045247,-0.000245
-0.003512,-0.041382,0.000087
-0.002550,-0.044426,0.000323
-0.003427,-0.044284,0.000065
-0.005794,-0.043953,0.005126
-0.003509,-0.042898,-0.000080
-0.006404,-0.042308,0.000538
-0.004360,-0.043118,0.000309
-0.003829,-0.045697,-0.000286
-0.003363,-0.044749,-0.000331
-0.004716,-0.045127,0.000217
-0.003669,-0.042836,-0.001138
-0.004309,-0.040351,0.000117
-0.003659,-0.047191,0.005641
-0.003603,-0.045126,-0.000306
-0.005155,-0.043371,0.000082
-0.003142,-0.045003,0.000344
-0.006829,-0.046907,-0.000557
-0.003182,-0.044510,-0.000263
-0.004046,-0.045319,-0.000745
-0.004170,-0.042729,0.000176
-0.004446,-0.041890,0.005189
-0.004899,-0.042598,-0.000098
-0.004244,-0.043637,-0.000822
-0.003271,-0.042232,0.000468
-0.005566,-0.041171,-0.000058
-0.002699,-0.043630,0.000044
-0.004844,-0.040673,-0.000690
-0.004407,-0.042577,-0.000060
-0.005665,-0.045485,-0.000144
-0.005904,-0.045386,-0.000467
-0.005603,-0.044511,-0.000683
-0.004923,-0.045347,-0.000594
-0.005598,-0.044677,0.000261
-0.005292,-0.042930,-0.001032
-0.003143,-0.047935,0.000141
-0.005077,-0.040326,0.000275
-0.005293,-0.041344,-0.000693
-0.004308,-0.045867,-0.000550
-0.003673,-0.044459,0.005243
-0.003479,-0.044897,0.000150
-0.005570,-0.047392,-0.000473
-0.004555,-0.044118,0.000227
-0.003632,-0.043657,-0.000064
-0.005093,-0.042565,0.000311
-0.003087,-0.043880,0.000156
-0.002607,-0.044142,-0.000544
-0.002621,-0.044598,0.000334
-0.004805,-0.044318,-0.000018
-0.004660,-0.045070,0.000413
-0.005422,-0.041693,-0.000665
-0.004240,-0.045788,-0.000135
-0.004943,-0.048280,0.005751
-0.004085,-0.045582,-0.000336
-0.003283,-0.043338,-0.000378
-0.004068,-0.048996,-0.000128
-0.005180,-0.043335,-0.000208
-0.004110,-0.040623,0.000702
-0.004560,-0.038271,-0.000693
-0.005369,-0.044667,0.000214
-0.004908,-0.045253,0.000548
-0.002961,-0.045159,0.000156
-0.005731,-0.046218,0.000098
-0.003036,-0.042470,-0.000294
-0.004712,-0.044110,-0.000090
-0.004327,-0.041478,0.000112
-0.005566,-0.041625,0.004681
-0.005676,-0.046995,0.005251
-0.005442,-0.040669,0.004246
-0.002058,-0.043222,-0.000885
-0.005485,-0.041125,0.004698
-0.006648,-0.047620,0.000306
-0.004252,-0.043060,0.005784
-0.003990,-0.047839,-0.000124
-0.003896,-0.041871,0.004490
-0.004875,-0.044485,0.000461
-0.002341,-0.044940,-0.000005
-0.003725,-0.043894,0.000427
-0.004068,-0.044182,0.004942
-0.003549,-0.045131,0.000151
-0.004939,-0.044668,0.000202
-0.005403,-0.042231,-0.000035
-0.002769,-0.040078,-0.000277
-0.004090,-0.043904,0.000338
-0.003206,-0.044568,-0.000382
-0.002411,-0.043615,-0.000007
-0.004211,-0.044996,0.000367
-0.006680,-0.044032,-0.000470
-0.004554,-0.043184,0.000171
-0.004398,-0.043934,0.000132
-0.002736,-0.044381,0.005666
-0.003095,-0.042742,-0.000474
-0.003114,-0.044040,0.000205
-0.006724,-0.046760,-0.000664
-0.003556,-0.042810,-0.000398
-0.003468,-0.044474,0.000205
-0.003502,-0.046214,0.000404
-0.005334,-0.045774,-0.000095
-0.004909,-0.041469,-0.000592
-0.004803,-0.043587,-0.000567
-0.003991,-0.041282,0.000401
-0.003660,-0.042547,0.000208
-0.003989,-0.042340,-0.000683
-0.004616,-0.041453,0.000020
-0.002796,-0.042289,-0.001129
-0.005828,-0.043768,-0.000549
-0.005276,-0.046118,0.000471
-0.004038,-0.045316,0.005716
-0.003394,-0.042751,-0.000279
-0.005667,-0.044557,-0.000439
-0.003724,-0.045580,-0.000327
-0.005130,-0.044033,0.000431
-0.004818,-0.047293,-0.000328
-0.003059,-0.042481,-0.000451
-0.003367,-0.046332,0.000795
-0.006026,-0.044554,-0.000273
-0.004368,-0.044088,0.000212
-0.003923,-0.040364,-0.000323
-0.004372,-0.044320,-0.000994
-0.005351,-0.045389,-0.000302
-0.005542,-0.043450,-0.000583
-0.005728,-0.041048,-0.000939
-0.003841,-0.042649,-0.000033
-0.003085,-0.042558,0.000708
-0.003266,-0.043080,0.000004
-0.003626,-0.041622,-0.000321
-0.003787,-0.044152,0.000133
-0.005354,-0.043302,-0.000126
-0.004718,-0.041674,0.000192
-0.003201,-0.042430,0.000500
-0.003761,-0.040828,-0.000651
-0.003059,-0.044990,-0.000109
-0.002316,-0.048048,-0.000277
-0.006583,-0.044978,0.004860
-0.005143,-0.044741,0.005806
-0.004003,-0.044041,-0.000353
-0.004796,-0.041881,-0.000266
-0.004463,-0.043660,0.000002
-0.004076,-0.044947,0.000035
-0.003225,-0.043070,-0.000303
-0.005780,-0.042962,-0.000601
-0.007157,-0.043642,0.000600
-0.004212,-0.044168,0.000602
-0.004637,-0.042373,-0.000677
-0.002379,-0.044233,0.000045
-0.003183,-0.045785,0.000233
-0.005735,-0.043954,-0.000150
-0.004190,-0.039821,0.004484
-0.003448,-0.045339,-0.000031
-0.004581,-0.048417,0.005695
-0.005077,-0.043332,-0.000008
-0.004057,-0.045649,-0.000536
-0.003214,-0.044687,0.000251
-0.004848,-0.042408,-0.000222
-0.003937,-0.043089,0.000508
-0.001926,-0.041980,-0.000217
-0.005315,-0.041208,0.000040
-0.005135,-0.044463,0.004847
-0.003404,-0.043982,0.005535
-0.004513,-0.045638,-0.000248
-0.003538,-0.047478,0.000253
-0.004623,-0.043748,0.000601
-0.004101,-0.050753,0.000100
-0.002584,-0.039744,-0.000568
-0.003827,-0.045109,-0.000199
-0.005257,-0.047078,-0.000049
-0.003904,-0.044540,0.000487
-0.004504,-0.044722,-0.000279
-0.004834,-0.043357,0.000203
-0.003135,-0.041415,-0.000040
-0.003027,-0.045252,0.000239
-0.004085,-0.045875,0.000524
-0.005100,-0.041901,0.000578
-0.006442,-0.044177,0.000568
-0.002357,-0.043248,0.000299
-0.004236,-0.041840,0.000082
-0.004448,-0.045601,-0.000067
-0.004281,-0.042423,0.000227
-0.003001,-0.047435,0.000148
-0.006040,-0.041523,-0.000090
-0.003919,-0.044314,0.000664
-0.003532,-0.045551,-0.000086
-0.003382,-0.044396,-0.000054
-0.002412,-0.041427,-0.000867
-0.003183,-0.042147,0.000089
-0.005320,-0.042687,-0.000159
-0.004607,-0.046717,-0.000304
-0.001915,-0.043153,-0.000166
-0.003118,-0.042553,0.000074
-0.003920,-0.047742,0.000518
-0.002620,-0.042101,-0.000467
-0.003832,-0.043571,-0.000139
-0.004334,-0.040917,0.000412
-0.005520,-0.045413,0.000023
-0.003165,-0.043075,-0.000525
-0.005555,-0.045379,0.000197
-0.003528,-0.044070,0.000348
-0.006424,-0.046050,-0.000186
-0.003229,-0.044487,-0.000023
-0.004020,-0.045163,0.000007
-0.001847,-0.042216,-0.000082
-0.004419,-0.042679,-0.000233
-0.002873,-0.040940,-0.000377
-0.004500,-0.041516,0.005444
-0.005062,-0.044495,-0.000390
-0.003691,-0.041577,0.000160
-0.003897,-0.043757,-0.000286
-0.006312,-0.043794,0.000456
-0.003188,-0.044066,-0.000198
-0.003726,-0.041780,-0.000513
-0.003347,-0.043824,0.000175
-0.002747,-0.042038,0.000210
-0.001763,-0.042286,0.000109
-0.005728,-0.041351,-0.000964
-0.002333,-0.042433,0.000011
-0.005468,-0.043084,0.000206
-0.005948,-0.041431,-0.000617
-0.005105,-0.043518,-0.000714
-0.004852,-0.042901,-0.000713
-0.005530,-0.047401,0.000002
-0.004902,-0.046164,-0.000185
-0.003145,-0.042700,-0.000064
-0.001751,-0.040730,-0.000043
-0.003214,-0.041952,0.000553
-0.006339,-0.046434,-0.000229
-0.004137,-0.045716,-0.000151
-0.004742,-0.044843,-0.000058
-0.003750,-0.044560,-0.000172
-0.002036,-0.040647,0.000022
-0.003479,-0.043895,0.000023
-0.003882,-0.043649,0.000524
-0.003465,-0.040934,-0.000193
-0.004528,-0.043823,-0.000203
-0.005158,-0.045834,0.000332
-0.004625,-0.044590,-0.000961
-0.004092,-0.047594,0.000166
-0.005075,-0.044106,0.000465
-0.004982,-0.045167,-0.000357
-0.004211,-0.042919,-0.000120
-0.004155,-0.044495,0.000222
-0.003597,-0.044358,-0.000401
-0.005868,-0.045977,-0.000677
-0.004768,-0.045080,-0.000133
-0.004305,-0.044082,-0.000274
-0.005543,-0.048398,-0.000383
-0.002385,-0.041747,0.000055
-0.003520,-0.043558,0.000240
-0.003513,-0.040050,-0.000497
-0.005661,-0.044668,-0.000146
-0.002974,-0.042449,0.000197
-0.004566,-0.044117,-0.000523
-0.004503,-0.046449,0.000135
-0.004014,-0.040136,-0.000329
-0.006217,-0.044892,-0.000588
-0.002969,-0.045797,0.000128
-0.004605,-0.043866,-0.000011
-0.004518,-0.044336,-0.000003
-0.002457,-0.046756,0.000640
-0.004806,-0.044451,0.000028
-0.002726,-0.041774,-0.000755
-0.007170,-0.044819,-0.000048
-0.002770,-0.045007,0.000131
